doc_id,entity,type
2,qadda,I-PER
5,qadda,I-PER
6,benghazi,I-LOC
8,qadda,I-PER
14,alqadd,I-PER
14,qadda,I-PER
26,nt,
29,americaneric,I-MISC
37,fricarenchuese,
40,benghazi,I-LOC
52,ghazi,
55,jordan,
55,iraq,I-LOC
55,benghazi,I-LOC
56,nt,
58,east,I-LOC
58,american,I-MISC
58,eastyrptrae,I-LOC
59,reines,I-ORG
61,benghazirench,I-LOC
62,ghazi,
66,chris,I-ORG
66,steven,I-ORG
72,rench,
82,ghazi,
87,ghaziazi,
88,ghazi,
101,ghazi,
108,benghazi,I-LOC
108,benghazi,I-LOC
123,ghazi,
127,benghazi,I-LOC
131,ghazighazi,
141,ghazi,
147,ghazighazi,
153,asmusfghanistan,
163,onesian,
169,benghazi,I-LOC
172,trip,I-LOC
172,benghazi,I-LOC
175,ghazilam,
175,ansar,I-ORG
175,alsharlah,I-ORG
175,benghazi,I-LOC
175,ansar,I-ORG
175,alshariah,I-ORG
176,aziazi,
203,lam,
203,benghazi,I-LOC
207,eric,
212,iuwailiwai,
214,benghaziericghazi,I-LOC
215,ian,
215,am,I-ORG
217,ghazi,
220,benghazi,I-LOC
221,chmit,
222,benghazi,I-LOC
224,ghazi,
225,benghazi,I-LOC
227,benghazi,I-LOC
229,benghazi,I-LOC
237,ghazi,
242,ys,
244,ntjuancolecom,
245,ghazi,
250,clint,I-PER
250,benghazi,I-LOC
250,clint,I-PER
259,ghazighazi,
260,onemail,
265,tonemallcom,
268,qadha,I-PER
273,european,I-MISC
273,mustafa,I-PER
273,abdel,I-PER
273,jali,I-PER
276,ghazi,
282,raelis,
283,benghazi,I-LOC
285,benghazi,I-LOC
291,benghazi,I-LOC
292,benghazi,I-LOC
293,american,I-MISC
293,benghazi,I-LOC
293,lericanghazi,I-LOC
293,lib,I-LOC
295,ghazi,
296,benghazi,I-LOC
311,hilip,
313,ulliva,
330,zer,
333,gol,
336,ull,
336,kazakhstandia,I-LOC
345,iraqghanistan,I-LOC
380,and,
391,clint,I-PER
401,europe,I-LOC
410,ndonburgh,
418,rian,
437,ull,
443,euro,I-LOC
481,rob,I-ORG
493,adia,
498,yt,
500,aacs,
501,middle,I-LOC
501,east,I-LOC
502,vil,
507,uantanamo,
509,nt,
520,han,
531,zela,I-PER
555,ela,
588,sa,I-ORG
608,urdistan,
627,russ,I-MISC
638,russ,I-MISC
679,bian,
718,holbrook,I-PER
727,chael,
760,lar,
762,adia,
768,india,I-MISC
787,kisdu,
808,ytimes,
809,ap,
829,teinberg,
841,chinese,I-MISC
845,brode,I-PER
851,brook,
858,iken,
861,holbrook,I-PER
886,brooke,
890,iken,
892,melannerica,I-ORG
894,russians,I-MISC
905,iraju,
910,brook,
925,akistan,
934,dia,
935,rie,
950,aid,
963,german,I-LOC
1030,ccainliebermangraham,
1033,ibrahim,I-PER
1033,parlak,I-PER
1037,easfghanistanghanistan,
1044,akesullivan,
1045,ullivan,
1061,rica,
1066,mdo,I-PER
1080,east,I-LOC
1095,brook,
1096,al,I-PER
1125,karzais,I-MISC
1136,ery,
1147,la,I-PER
1151,eikenberry,I-ORG
1153,burnssteinberg,I-ORG
1162,alklandsfghanistan,
1176,fghanistan,
1177,rica,
1201,rah,
1212,dennis,I-PER
1212,ross,I-PER
1252,xican,
1290,teinberg,
1315,eric,
1325,clint,I-PER
1335,states,I-LOC
1335,euroquel,I-MISC
1345,africa,
1347,rodham,I-PER
1347,clinton,I-PER
1355,ham,
1359,ib,
1359,east,I-LOC
1366,ull,
1376,si,
1376,portuese,I-MISC
1383,clintericanericank,I-PER
1387,melanne,I-PER
1394,holbrook,I-PER
1399,quel,
1405,zelaya,I-PER
1405,michel,I-PER
1407,zela,I-PER
1413,karz,I-PER
1413,shengarhar,I-PER
1414,renchrench,
1418,rzrz,
1420,rench,
1425,rench,
1431,japanese,I-MISC
1431,american,I-MISC
1431,manouchehr,I-PER
1431,mottakioxrofumi,I-PER
1431,nakran,I-PER
1432,arm,I-ORG
1432,ignatius,I-PER
1443,eor,
1446,nis,
1451,kazakhstan,I-LOC
1458,mexican,I-MISC
1466,rench,
1500,met,
1500,davutogh,I-PER
1513,chinese,I-MISC
1513,iran,I-LOC
1513,afghanistan,I-LOC
1514,europe,I-LOC
1515,fghanistanfghanistan,
1515,islamabad,I-LOC
1515,as,I-ORG
1522,lintonemailcom,
1526,europeans,I-MISC
1527,diaussdia,
1528,germanuss,I-LOC
1548,american,I-MISC
1549,iraq,I-LOC
1549,iraqeric,I-LOC
1555,fghanistan,
1563,europe,I-LOC
1566,american,I-MISC
1566,koreyongyangore,I-LOC
1572,dhab,I-LOC
1574,ham,
1580,aul,
1580,krugan,I-ORG
1611,caofo,
1632,enerel,
1632,de,I-PER
1641,akistanakistanakistan,
1642,china,
1648,fghanistan,
1655,or,I-ORG
1656,mie,I-PER
1661,european,I-MISC
1674,erican,
1676,cha,
1677,iyadh,
1680,oeor,I-ORG
1681,zi,
1695,iv,
1695,ghand,I-PER
1695,ghand,I-ORG
1695,sing,I-PER
1698,american,I-MISC
1706,oreapa,
1706,chinese,I-MISC
1708,east,I-LOC
1708,lairussians,I-MISC
1717,cros,I-PER
1726,fghan,
1727,gutier,I-PER
1731,chinese,I-MISC
1734,raeinianrae,
1735,gh,
1737,australian,I-MISC
1738,australian,I-MISC
1742,an,
1742,johnsonohnson,I-PER
1754,des,
1765,brook,
1767,eptian,I-MISC
1798,ghanaian,
1822,om,
1823,shippine,
1832,aleuel,
1843,david,I-PER
1843,goldwyn,I-PER
1847,nk,
1850,ola,
1850,dashti,I-PER
1856,guardiaguardiaguardia,
1860,ditechcom,I-ORG
1866,dia,
1877,raeraerae,
1887,ap,
1891,dia,
1893,berlusconi,I-PER
1902,iranian,I-MISC
1902,iranian,I-MISC
1903,mihosain,I-PER
1903,mavi,I-PER
1903,mahmoud,I-PER
1903,ahmadined,I-PER
1903,iranianhiite,I-MISC
1903,europe,I-LOC
1914,brook,
1916,iranian,I-MISC
1919,brook,
1919,david,I-PER
1920,uighurpine,I-MISC
1923,uk,I-LOC
1923,iranianorranian,I-MISC
1923,ali,I-PER
1923,ansarranian,I-PER
1926,rosemariehowe,I-ORG
1935,lumentntnt,
1936,oinov,
1939,oinov,
1944,ahmadinejadfricayd,I-PER
1946,xican,
1959,aergentina,
1960,russ,I-MISC
1966,brook,
1976,bdu,
1979,abdullah,I-PER
1980,caroly,
1989,alijakephil,I-PER
1992,aliyev,I-PER
1993,ae,
2029,mbian,
2029,alvaro,I-PER
2029,uribe,I-PER
2029,zela,I-PER
2030,elaya,
2040,cticrica,
2044,han,
2045,art,I-ORG
2048,ighurs,
2049,zilianzilianzilianzilian,
2062,americanericndon,I-MISC
2085,oancomrica,
2088,clint,I-PER
2088,persian,I-MISC
2088,japa,I-LOC
2088,chinese,I-MISC
2089,igh,
2104,ip,
2116,don,I-ORG
2118,clint,I-PER
2120,ku,
2121,arturo,I-ORG
2121,valenzuel,I-ORG
2143,brazilian,I-MISC
2144,greekrfu,I-MISC
2155,arizona,I-LOC
2161,ute,
2163,east,I-LOC
2167,alau,
2168,tein,
2171,rovnik,
2172,chinese,I-MISC
2174,oba,I-PER
2176,mauritanian,I-MISC
2176,dakar,I-MISC
2186,fghanistan,
2190,xi,
2190,brazilian,I-MISC
2206,brookndon,
2217,euro,I-LOC
2218,sa,I-PER
2236,tein,
2241,fl,I-ORG
2252,americakistan,I-MISC
2258,mel,I-PER
2258,zelayaerican,I-PER
2258,interamerican,I-MISC
2266,russ,I-MISC
2266,la,I-PER
2267,interiorousineja,I-ORG
2268,zelaya,I-PER
2274,hobrook,I-PER
2275,ranian,
2275,interior,I-ORG
2275,ministry,I-ORG
2277,gue,
2290,russ,I-MISC
2294,zelaya,I-PER
2304,bian,
2321,frica,
2337,iranian,I-MISC
2337,americrab,I-MISC
2337,middle,I-LOC
2337,east,I-LOC
2340,jack,I-PER
2356,21st,I-MISC
2356,hawaii,I-LOC
2363,rica,
2365,clintfrica,I-PER
2376,dia,
2379,eric,
2388,ines,
2388,pippe,I-ORG
2402,zela,I-ORG
2422,haro,
2422,bermudez,I-PER
2429,ulln,
2430,brook,
2433,ikenberry,
2434,kabul,I-LOC
2441,jakesullivan,I-ORG
2443,american,I-MISC
2446,ulliva,
2452,beude,I-PER
2454,ulln,
2456,adiaxicanericeric,
2462,dia,
2463,rae,
2471,nd,
2480,diadiapakis,
2482,ghan,
2488,hoshyar,I-PER
2488,zebari,I-PER
2501,hilip,
2502,vid,
2502,david,I-PER
2502,maziaran,I-PER
2504,yongyang,
2504,kan,I-ORG
2512,zebari,I-PER
2519,uss,
2519,ifghanistan,I-MISC
2522,dis,
2532,clintrica,I-PER
2535,akistan,
2536,frica,
2537,brook,
2540,ali,I-PER
2542,ali,I-PER
2546,mexican,I-MISC
2549,russia,I-ORG
2550,crica,I-PER
2559,ussia,
2563,dia,
2569,ary,
2569,clint,I-PER
2574,lamkmeledd,
2582,nka,
2588,uss,
2599,hobrook,I-PER
2599,eikeberry,I-PER
2606,ian,
2609,iken,
2610,clint,I-PER
2611,hillary,I-PER
2611,clinton,I-PER
2618,eikenberry,I-ORG
2622,egyptian,I-MISC
2626,fghanistanfghanistanietnam,
2647,ran,
2648,akistan,
2658,muakistanisakistanisakistan,
2661,iken,
2672,akarta,
2688,mei,
2692,ve,
2693,dia,
2695,chile,I-LOC
2702,ricaerican,
2707,kislyauss,I-ORG
2710,german,I-MISC
2715,afghanistanbul,I-LOC
2716,uters,
2716,germanysfghan,I-ORG
2722,guardiaguardia,
2726,rie,
2741,ore,
2750,la,I-ORG
2752,jo,
2753,onary,
2753,clint,I-PER
2760,iaiamarshall,
2764,omas,
2764,jefferson,I-PER
2769,brazilian,I-MISC
2778,him,
2782,rah,
2787,rah,I-ORG
2803,chel,
2806,iraqfghanistan,I-LOC
2812,ka,I-PER
2812,russian,I-MISC
2812,russian,I-MISC
2826,brook,
2829,ericeric,
2839,erry,
2845,frica,
2845,norgiafrica,I-MISC
2847,coianogo,I-MISC
2852,fghanistan,
2866,wa,I-PER
2875,bil,
2887,eric,
2887,iraniuss,I-MISC
2887,iranian,I-MISC
2896,karzai,I-PER
2897,middle,I-MISC
2897,eastern,I-MISC
2910,russia,I-LOC
2919,sa,I-PER
3017,clint,I-PER
3021,jukanroatianandrokrbian,
3021,swedishniann,I-MISC
3024,london,I-LOC
3031,stan,
3041,ham,
3041,clint,I-PER
3044,lovenia,
3054,kafghanistanfghanistan,I-LOC
3056,chery,I-ORG
3064,harkin,I-PER
3066,tein,
3070,norgiaghanistan,I-MISC
3073,mitchel,I-PER
3074,hobrook,I-PER
3074,eikeberry,I-PER
3080,kerry,I-PER
3086,lewin,I-PER
3089,norwegian,I-MISC
3093,ham,
3095,norgian,I-MISC
3111,nenes,
3111,africa,I-ORG
3117,holbrook,I-PER
3133,miamigucigalpa,I-LOC
3144,aaronov,I-PER
3144,tadeusz,I-PER
3144,slobodziane,I-PER
3151,rench,
3151,eurorench,I-MISC
3154,jerusalem,I-LOC
3154,netanyahu,I-PER
3154,cinian,I-PER
3160,lam,
3163,ale,
3179,ack,
3186,fghanistanghanghanistan,
3190,kabul,I-LOC
3196,ericvillemyrna,
3200,raqi,
3209,mu,
3209,sinaihatonnie,I-LOC
3214,yi,
3216,merkel,I-ORG
3219,iv,
3233,chinese,I-MISC
3234,slovenia,I-LOC
3239,chinese,I-MISC
3244,voinov,I-PER
3252,vid,
3253,linda,I-PER
3253,dewan,I-PER
3263,mond,
3279,iobu,
3280,lint,
3284,anyahu,
3285,american,I-MISC
3285,of,I-MISC
3285,dreams,I-MISC
3289,bangladesh,I-LOC
3293,chin,I-MISC
3301,wils,I-PER
3308,nagorkh,I-LOC
3310,alklandsghanistanalklandsghanistan,
3315,fghanistan,
3316,kenken,
3321,per,I-ORG
3322,ibrook,
3331,chel,
3338,arnold,I-PER
3338,schwarzen,I-PER
3363,brook,
3366,go,
3370,hillary,I-PER
3370,clinton,I-PER
3378,euro,I-MISC
3380,qatar,I-LOC
3381,esfahannzilian,I-LOC
3381,latinericasnlma,I-MISC
3381,roussefzilianouserican,I-PER
3382,xi,
3383,ikenberryrz,
3384,na,
3384,hillary,I-PER
3384,clinton,I-PER
3389,eikenberry,I-ORG
3394,ericeric,
3398,ne,
3398,lasych,I-ORG
3400,krugman,I-PER
3403,chinese,I-MISC
3412,chiang,I-LOC
3412,mai,I-LOC
3413,rain,
3419,roatiannroatian,
3420,zambia,I-LOC
3420,tanzaniazan,I-LOC
3425,ore,
3425,gapan,I-MISC
3426,david,I-PER
3426,hay,I-PER
3439,latin,I-MISC
3441,mer,
3450,lamranceilergentina,
3450,mexico,I-ORG
3450,costa,I-ORG
3450,rica,I-ORG
3463,rench,
3466,rench,
3470,sa,I-LOC
3474,rael,
3474,israealestinianinian,I-MISC
3475,french,I-MISC
3477,french,I-MISC
3480,netanyahu,I-PER
3482,inian,
3485,omanstrawed,
3490,copenhagen,
3500,nie,
3503,apaneserench,
3503,sikorskiadiazilianomanian,I-ORG
3503,nornalianish,I-MISC
3526,gianadiaadiafghanistanadiaoria,
3543,clint,I-PER
3544,clintack,I-PER
3555,fghanistan,
3557,mukjee,I-PER
3557,reuters,I-ORG
3558,ines,
3558,philippe,I-ORG
3564,rgentinargentine,
3565,alenzuelericnzrgentinauelrgentinenzuel,
3565,american,I-MISC
3573,guantanamouan,I-LOC
3575,nto,
3577,erie,
3577,blair,I-ORG
3577,cherie,I-ORG
3577,blair,I-ORG
3588,chineseraniranizadegan,I-MISC
3589,ham,
3589,clint,I-PER
3596,sichi,
3597,miami,I-LOC
3598,chinesebostategostatego,I-MISC
3604,fghanistan,
3607,akistanfghanistan,
3614,european,I-MISC
3614,euro,I-MISC
3618,japanese,I-MISC
3618,fujisaki,I-PER
3621,yrian,
3621,american,I-MISC
3627,dia,
3627,american,I-MISC
3633,rel,
3651,wedishoreanfrican,
3652,zelayaerican,I-PER
3662,ip,
3666,renchrench,
3667,rea,
3667,mitchel,I-PER
3686,mexicomdia,I-ORG
3694,utenberg,
3717,brasiliazilianzilianzilianzilian,I-LOC
3726,xi,
3736,rgent,
3745,rica,
3764,dia,
3775,ndon,
3785,fizer,
3790,london,I-LOC
3797,loom,
3819,rajiv,I-PER
3819,shaajiv,I-PER
3819,rajiv,I-PER
3819,raj,I-PER
3820,ped,
3820,barack,I-PER
3820,oba,I-PER
3831,akistani,
3833,russian,
3847,dia,
3848,uganda,I-ORG
3850,glish,
3858,americakistan,I-MISC
3866,erican,
3872,hobrook,I-PER
3872,karz,I-PER
3898,michael,I-PER
3908,symantec,I-ORG
3908,genacho,I-ORG
3909,renchdo,
3917,jatatego,
3920,mujica,I-PER
3920,uruguay,I-LOC
3921,huanianbal,
3923,pt,
3923,chinese,I-MISC
3929,911,I-ORG
3937,east,I-LOC
3937,israetinian,I-MISC
3943,rench,
3943,russ,I-MISC
3953,lam,
3960,ku,
3963,raeericahn,
3968,raeraeraerae,
3973,east,I-LOC
3978,mexicanxican,I-MISC
3981,ji,I-PER
3981,johkneroh,I-PER
3987,american,I-MISC
3993,chinese,I-MISC
3996,gue,
4005,rm,
4010,hamad,I-PER
4010,jassim,I-PER
4014,namor,
4026,akistan,
4027,mon,
4041,ryab,I-PER
4042,rankfurt,
4051,latin,I-MISC
4051,americ,I-MISC
4056,swedish,I-MISC
4056,stockholm,I-LOC
4062,borough,
4076,em,I-ORG
4076,em,I-ORG
4083,chardhardtto,
4101,american,I-MISC
4110,akistanidiakisdusdiaakistan,
4112,armenia,I-MISC
4113,ryab,I-PER
4124,fghanistanfghanistan,
4130,guard,
4132,re,I-ORG
4133,akistan,
4134,eit,
4138,gol,
4138,sa,I-PER
4138,sa,I-ORG
4141,europeanaclav,I-MISC
4141,klaus,I-PER
4146,oba,I-PER
4146,middle,I-LOC
4146,easteorge,I-LOC
4146,mitchel,I-PER
4149,oscar,I-ORG
4151,eptianinian,I-MISC
4161,fghanistan,
4161,obafghanistan,I-PER
4193,chin,I-MISC
4205,akistan,
4212,erican,
4214,euro,I-MISC
4224,pakistanakistaneshawarakistan,I-LOC
4225,ale,
4254,david,I-PER
4254,schillerzad,I-PER
4260,stan,
4273,michelle,I-PER
4286,chinese,I-MISC
4305,haiti,I-LOC
4313,adia,
4321,stan,
4321,ha,I-PER
4328,akistan,
4341,michele,I-ORG
4354,michael,I-PER
4354,bar,I-PER
4354,bill,I-PER
4354,clint,I-PER
4361,armenian,I-MISC
4368,mbian,
4371,nowakowskia,I-PER
4371,nowakowski,I-PER
4373,clintoria,I-PER
4373,deloria,I-PER
4373,delericanian,I-PER
4378,pakistan,I-LOC
4401,nor,I-ORG
4401,toiv,I-ORG
4407,ace,
4407,mgenthauge,I-ORG
4407,marshal,I-ORG
4407,kiam,I-ORG
4407,relshausbeth,I-ORG
4407,bill,I-PER
4407,clint,I-PER
4411,chinese,I-MISC
4412,jentles,I-PER
4421,oda,
4421,ebeling,I-ORG
4429,haiti,I-ORG
4429,haiti,I-ORG
4430,anyahu,
4437,nkoanamashabafrica,I-PER
4440,middle,I-LOC
4440,east,I-LOC
4443,algerian,I-MISC
4443,ah,I-PER
4443,ouyah,I-PER
4445,karzghan,I-PER
4445,ofghanistan,I-PER
4446,karzrz,I-LOC
4446,karz,I-LOC
4448,omar,I-PER
4448,zalchi,I-PER
4451,americanalian,I-MISC
4453,ikenberry,
4461,eric,
4466,erman,
4469,uss,
4481,ibrahimakistani,I-PER
4482,la,I-PER
4487,tius,
4503,svillesville,
4507,roza,I-PER
4507,otunboy,I-PER
4507,kyrgyzstanyrgyzstan,I-LOC
4512,kaczyn,I-PER
4512,kaczyn,I-PER
4512,kaczyn,I-PER
4519,yi,
4519,europe,I-MISC
4521,villiers,I-ORG
4532,alaestina,
4537,fghanistanakistan,
4538,glesiasgleseric,
4539,akistan,
4539,al,I-ORG
4547,eliot,I-PER
4547,engeleric,I-PER
4576,wilson,I-PER
4578,aat,
4578,middle,I-LOC
4578,eastgnatiusinian,I-LOC
4582,guard,
4585,vid,
4585,sangrt,I-PER
4586,huania,
4587,ph,
4589,guardianguard,
4597,clint,I-PER
4597,clint,I-PER
4597,americas,I-MISC
4605,iran,I-MISC
4612,gue,
4618,ku,
4620,miguel,I-PER
4620,rodrigue,I-PER
4622,pt,
4626,benazir,I-PER
4626,bhutto,I-PER
4626,islamabadakistan,I-LOC
4629,akistani,
4630,fghanistan,
4630,euro,I-MISC
4631,clinton,I-PER
4640,middle,I-LOC
4640,east,I-LOC
4646,rfur,
4646,americandanesedan,I-MISC
4649,rae,
4653,ericannenberg,
4654,clinton,I-PER
4655,hangzhou,I-LOC
4655,chinesei,I-MISC
4660,american,
4662,kornbrica,I-PER
4662,german,I-MISC
4662,europe,I-MISC
4662,kornblum,I-PER
4662,german,I-LOC
4662,kbermanerman,I-PER
4662,euro,I-MISC
4665,eric,
4667,iran,I-LOC
4667,american,I-MISC
4667,americ,I-MISC
4667,ira,I-LOC
4667,kurdistan,I-LOC
4671,eas,
4671,east,I-LOC
4672,esi,
4691,inianraetinian,
4694,kis,
4700,ietnam,
4705,ram,I-PER
4705,karz,I-PER
4708,chinese,I-MISC
4708,chinese,I-MISC
4708,chinese,I-MISC
4710,lona,I-PER
4710,valmor,I-PER
4728,haha,
4728,al,I-ORG
4728,jazeeracom,I-ORG
4735,american,I-MISC
4735,mexican,I-MISC
4741,ap,I-ORG
4753,isi,
4757,chinese,I-MISC
4757,chinese,I-MISC
4757,chinese,I-MISC
4758,chin,I-LOC
4758,taixingangsu,I-LOC
4761,chinese,
4761,sikorski,I-ORG
4767,mad,
4767,sa,I-PER
4769,la,I-ORG
4770,jtaba,
4770,samareh,I-PER
4770,hashemine,I-PER
4770,mesbahya,I-PER
4770,irani,I-MISC
4777,ukrainian,I-MISC
4785,haaretanyahuahuahu,I-ORG
4791,akistan,
4793,london,I-LOC
4815,erryuilianlint,
4816,french,I-MISC
4816,obarench,I-PER
4825,akistandia,
4825,chinrica,I-LOC
4826,xicanxicanxicanxicanxican,
4831,banese,
4833,dennis,I-PER
4833,da,I-PER
4834,pakistanakistan,I-LOC
4835,gsmaerie,I-ORG
4837,dad,
4837,juarez,I-LOC
4837,mexicodad,I-LOC
4837,juarez,I-LOC
4837,mexico,I-LOC
4837,american,I-MISC
4837,mexican,I-MISC
4840,lumentrae,
4863,chinese,I-MISC
4866,ahmed,I-PER
4866,bin,I-PER
4866,zayed,I-PER
4866,al,I-PER
4866,nahya,I-PER
4866,khalifa,I-PER
4866,bin,I-PER
4866,zayed,I-PER
4866,al,I-PER
4866,nahyan,I-PER
4866,dubai,I-LOC
4871,russian,I-MISC
4871,la,I-PER
4871,oba,I-PER
4871,meved,I-PER
4871,la,I-PER
4871,kyrgyzstan,I-LOC
4873,russian,I-MISC
4874,eric,
4877,russian,I-MISC
4880,landmtok,
4885,oinov,
4885,euro,I-MISC
4886,euro,I-MISC
4886,euro,I-MISC
4886,euro,I-MISC
4886,euro,I-MISC
4887,rya,I-PER
4894,ussia,
4894,la,I-PER
4900,iranian,I-MISC
4900,iranian,I-MISC
4928,dan,
4928,norn,I-MISC
4928,storevid,I-ORG
4928,mi,I-PER
4928,sudandan,I-LOC
4933,barbara,I-PER
4933,bushon,I-PER
4936,arturo,I-ORG
4936,ecuador,I-ORG
4943,david,I-PER
4943,petrae,I-PER
4943,afghanistanerican,I-LOC
4943,karliken,I-PER
4954,mpala,
4960,lahoreakistan,I-LOC
4960,lahoreakistanisakistani,I-LOC
4967,euro,I-MISC
4971,lant,
4986,ha,I-LOC
5003,arturo,I-ORG
5006,chinese,I-MISC
5023,na,
5026,eanlou,
5042,haitham,I-PER
5042,maleyryr,I-PER
5047,raeli,
5047,yossi,I-PER
5047,of,I-ORG
5047,defense,I-ORG
5047,eitan,I-PER
5047,da,I-PER
5049,nt,
5049,ha,I-LOC
5051,warzeratego,
5058,saudi,I-ORG
5058,arabia,I-ORG
5059,mbianri,
5060,spanish,I-MISC
5064,ja,
5064,netanyahuanyahu,I-PER
5074,mcgovern,I-ORG
5077,neau,
5078,anyany,
5086,karzai,I-LOC
5087,karzakistanisbulakistan,I-PER
5088,israeliericericericraeericrae,I-ORG
5091,brookappaqua,
5098,ricaeric,
5099,israeli,I-MISC
5101,caffe,
5102,eurussia,I-MISC
5102,eurususs,I-MISC
5102,israeussuss,I-MISC
5105,dia,
5109,erican,
5109,as,I-LOC
5112,middle,I-LOC
5112,east,I-LOC
5115,diaindiaib,
5116,ka,I-PER
5118,toiv,I-ORG
5118,las,I-ORG
5126,ukranian,I-MISC
5126,gryshchenko,I-PER
5126,greekndreou,I-MISC
5137,renchermanalia,
5139,stan,
5152,russian,I-MISC
5152,la,I-PER
5167,clint,I-PER
5169,lithuanianhua,I-MISC
5173,jack,I-PER
5173,murt,I-PER
5173,vietnamvani,I-LOC
5181,omaniamermanomania,
5181,euroomanianisi,I-MISC
5182,yanukovych,I-PER
5182,tymoshenko,I-PER
5193,zilianran,
5193,brasizilian,I-LOC
5193,celso,I-PER
5193,amranran,I-PER
5195,raj,
5209,euro,I-LOC
5220,egyptian,I-MISC
5240,mpala,
5242,israe,I-MISC
5243,swedish,I-MISC
5243,norwegian,I-MISC
5252,russians,I-MISC
5252,jalalabad,I-LOC
5252,russian,I-MISC
5252,russian,I-MISC
5259,ndonh,
5264,oba,I-PER
5271,asi,
5277,nthalraentrae,
5277,sraerae,I-ORG
5288,fghanistanfghanistan,
5302,al,
5303,fghanghan,
5305,oba,I-PER
5306,ines,
5306,philippe,I-ORG
5307,fghanistanghanistan,
5307,mhrghanistanghanistan,I-PER
5311,lantic,
5311,americanvid,I-MISC
5311,came,I-PER
5311,sa,I-PER
5319,kuls,
5320,ku,
5321,toiv,I-ORG
5321,las,I-ORG
5322,toriaricarica,
5322,pretoria,I-LOC
5328,hawai,I-LOC
5336,fghan,
5337,on,
5337,re,I-ORG
5337,russia,I-ORG
5339,ffe,
5344,udziakyiv,
5356,chinese,I-MISC
5356,australiandiaeorap,I-MISC
5361,ree,
5361,greekre,I-MISC
5370,clegg,
5374,fghanistanfghanistanghan,
5374,nita,I-PER
5374,lowfghanistan,I-PER
5378,alberto,I-PER
5378,more,I-PER
5383,greemon,I-MISC
5383,johnson,I-PER
5385,de,
5385,robin,I-PER
5395,omi,
5407,korea,I-LOC
5408,erman,
5409,der,I-PER
5412,clint,I-PER
5414,ghan,
5414,david,I-PER
5414,petraefghanistan,I-PER
5414,american,I-MISC
5415,ma,I-PER
5415,netanyahu,I-PER
5433,nthalnt,
5433,al,I-ORG
5433,al,I-LOC
5433,arakib,I-LOC
5439,akistani,
5442,germanyerman,I-MISC
5446,akistani,
5449,pakistani,I-MISC
5454,eastinian,I-LOC
5456,abba,I-PER
5456,netanyahu,I-PER
5459,kuku,
5466,ippine,
5476,ambia,
5488,ricann,
5493,krakow,I-LOC
5513,bajnai,I-PER
5518,arian,
5518,gordon,I-PER
5518,baj,I-PER
5522,oanne,
5522,lasczcych,I-PER
5526,eric,
5528,ka,I-PER
5529,ines,
5529,philippe,I-ORG
5538,afghanistanghan,I-MISC
5540,lo,I-ORG
5545,americraniraraeranranrae,I-ORG
5546,osworth,
5551,ka,I-MISC
5551,karz,I-PER
5552,pine,
5553,urkish,
5553,davutoglu,I-PER
5556,dennis,I-PER
5558,cranran,I-PER
5558,irani,I-MISC
5574,lona,I-PER
5574,valmor,I-PER
5590,erus,
5593,fghanistanbrookbrook,
5596,ericfghanistan,
5597,holbrookbrookbrookbrook,I-PER
5603,hil,
5603,islamabad,I-LOC
5604,binetanyahu,
5606,akistan,
5608,lasz,I-PER
5609,akistani,
5612,american,I-MISC
5614,ghan,
5617,fghanistan,
5619,fghanfghanistanfghanistanray,
5628,ghanistanghanistanghanistan,
5632,fghanistaniyadhfghanistan,
5632,turki,I-PER
5632,alfaisa,I-PER
5632,middle,I-LOC
5632,east,I-LOC
5640,fghanistanakistanfraefghanistan,
5642,raericaerican,
5643,am,
5643,choms,I-PER
5644,davutog,I-PER
5644,iran,I-PER
5656,east,I-LOC
5659,mexicanerican,I-MISC
5668,elmendorf,I-LOC
5675,east,I-LOC
5693,ordanian,
5693,judeh,I-PER
5715,bro,
5715,fisa,I-ORG
5715,kristy,I-PER
5715,trautmann,I-PER
5716,chin,I-LOC
5716,chineserica,I-MISC
5717,baijan,
5717,ali,I-PER
5720,hilip,
5729,fghanistan,
5749,albright,I-ORG
5749,stonebridge,I-ORG
5749,clint,I-PER
5751,ill,
5754,borys,I-PER
5754,gudziakrainiannokovic,I-PER
5756,raejamin,
5756,netanyahurae,I-PER
5758,rae,
5759,netanyahuabotniyam,I-PER
5760,anyahu,
5760,binyamin,I-PER
5760,netanyahuanyahu,I-PER
5761,ernandeztaranco,
5765,aledro,I-PER
5766,alejandro,I-PER
5766,wolf,I-PER
5767,anyahu,
5768,lo,I-PER
5789,aretaret,
5791,marioon,I-PER
5792,rae,
5792,david,I-LOC
5793,oanne,
5793,lasczcych,I-PER
5795,ge,
5806,nt,
5809,ters,
5809,zardari,I-PER
5809,zardariakistanardariakistanchi,I-PER
5811,akistanakistan,
5814,akistan,
5829,rgentina,
5843,tin,
5865,americankis,I-MISC
5871,nor,I-ORG
5871,toiv,I-ORG
5871,lasz,I-PER
5875,ale,
5883,ing,
5897,fghanistankisghanistanakistani,
5899,mpala,
5908,da,I-PER
5911,al,I-PER
5920,chesterchester,
5925,del,I-ORG
5926,inian,
5928,ericileir,
5930,estiniaace,
5930,middle,I-LOC
5930,easteorge,I-LOC
5930,mitchelraerae,I-PER
5931,erican,
5933,eastvid,I-LOC
5933,gold,I-PER
5939,ha,I-LOC
5939,ha,I-LOC
5939,ha,I-LOC
5939,ha,I-LOC
5939,suriname,I-LOC
5943,oudaeloudeorge,
5945,ericas,
5945,east,I-LOC
5945,norwegian,I-MISC
5945,norgian,I-MISC
5945,american,I-MISC
5945,east,I-LOC
5950,inian,
5951,erusale,
5959,east,I-LOC
5972,ira,
5973,middle,I-LOC
5973,east,I-LOC
5986,american,I-MISC
5992,ricaericeric,
5999,ericas,
6010,cha,
6013,urie,
6013,fulton,I-ORG
6013,copenhagen,I-LOC
6019,oanne,
6019,laszcz,I-PER
6036,india,I-LOC
6036,chinennai,I-LOC
6036,se,I-ORG
6036,delhi,I-LOC
6037,ha,I-MISC
6044,brzezinba,I-PER
6046,mashabane,I-ORG
6058,neocis,I-MISC
6058,euro,I-LOC
6065,chapqua,I-LOC
6068,landrie,I-PER
6073,middle,I-LOC
6073,east,I-LOC
6073,east,I-LOC
6093,ador,
6093,correuayaquil,I-PER
6106,rt,
6106,coast,I-LOC
6113,ni,
6113,islam,I-MISC
6118,rae,
6122,cuador,
6123,erican,
6123,oack,I-PER
6123,oerican,I-PER
6131,came,I-PER
6147,rab,
6150,muel,
6151,euro,I-MISC
6163,anyahu,
6172,middle,I-LOC
6172,east,I-LOC
6173,janiananian,I-MISC
6173,istinian,I-MISC
6185,inianinianericeric,
6190,ap,
6191,tripolibanese,I-LOC
6191,tripoli,I-LOC
6191,tripoli,I-LOC
6197,michael,I-PER
6197,br,I-PER
6212,eric,
6212,east,I-LOC
6212,east,I-LOC
6215,rab,
6220,japaneseou,I-MISC
6220,chinese,I-MISC
6225,akistan,
6226,anwar,I-PER
6226,ibrahim,I-PER
6228,ylvani,
6232,ylvani,
6236,american,I-MISC
6267,nc,
6270,donesierican,
6270,malaysiaaul,I-LOC
6270,jonessh,I-ORG
6279,ip,
6297,ale,
6313,israetin,I-MISC
6313,east,I-LOC
6316,gikileaksgel,
6316,ankara,I-LOC
6316,er,I-PER
6332,lea,
6353,robert,I-PER
6353,pap,I-PER
6360,eralk,
6361,dianrishnrishn,
6372,clinton,I-PER
6372,american,I-MISC
6374,middle,I-LOC
6374,east,I-LOC
6374,dubai,I-LOC
6388,ington,
6401,inian,
6405,ccaccain,
6411,haiakistan,
6422,rajrajerican,
6425,ulietnam,
6431,indianamerican,I-MISC
6434,hilip,
6445,avi,
6445,los,I-LOC
6445,angel,I-LOC
6446,diandia,
6449,ry,
6453,american,I-MISC
6454,juba,I-LOC
6454,khartoum,I-LOC
6468,indian,I-MISC
6475,habad,
6475,iranihabad,I-MISC
6479,jazeera,I-ORG
6481,ullivan,
6492,nukov,
6493,nukov,
6495,john,I-PER
6495,bio,I-PER
6500,erican,
6514,isaacsuss,I-ORG
6514,isaacseric,I-ORG
6516,ptianpt,
6524,clint,I-PER
6529,ericaninianamericaninianamerica,
6535,haaretz,I-ORG
6535,israeli,I-ORG
6537,los,I-ORG
6537,angeles,I-ORG
6537,angel,I-ORG
6542,agreedma,I-PER
6547,raehmueljamin,
6547,netanyahu,I-PER
6547,european,I-MISC
6551,toiv,I-ORG
6552,americ,I-MISC
6552,der,I-PER
6552,krakow,I-LOC
6557,akistanakistani,
6570,beric,I-PER
6574,oehner,
6579,saakashh,I-PER
6579,hawai,I-LOC
6583,tein,
6584,teinberg,
6588,koreou,I-ORG
6605,german,I-MISC
6608,atego,
6613,david,I-PER
6614,akistan,
6614,chinese,I-MISC
6624,raj,
6627,hn,
6632,meet,
6632,eduard,I-PER
6640,adia,
6649,american,I-MISC
6653,eric,
6655,ington,
6659,bloom,I-PER
6660,bloom,I-PER
6667,ve,
6667,koltai,I-ORG
6667,be,I-ORG
6682,lisa,I-ORG
6682,mcgovern,I-ORG
6696,inianlam,
6697,jona,I-ORG
6720,pelosi,I-PER
6729,dia,
6731,rb,
6734,ram,I-PER
6735,ram,I-PER
6737,pt,
6738,syracustic,I-LOC
6749,americas,I-MISC
6750,sikor,I-ORG
6751,eric,
6753,oanne,
6753,lasz,I-PER
6761,anyahu,
6763,anyahu,
6792,hom,I-PER
6799,hahart,
6828,asmus,
6843,pt,
6852,vova,
6875,ahrain,
6876,quador,
6888,nt,
6921,harrisburg,I-LOC
6925,eikenberry,I-PER
6929,br,I-PER
6938,cguire,
6942,rench,
6944,haiti,I-ORG
6957,cconnell,
6964,russian,I-MISC
6982,chinese,
6986,riday,
6986,janua,I-ORG
7001,kov,
7001,ckokyle,I-PER
7032,ritani,
7054,lithuanian,I-MISC
7054,cracowhua,I-LOC
7074,atarab,
7074,doha,I-LOC
7105,rgentinarnrgentrgent,
7113,ull,
7124,rk,
7135,russiaersburgussianruss,I-LOC
7151,utenberg,
7155,cisco,I-ORG
7160,abraham,I-PER
7165,iraq,I-LOC
7166,vidvid,
7176,murkowski,I-PER
7176,alask,I-MISC
7192,american,I-MISC
7192,kris,I-PER
7192,balders,I-PER
7202,swed,I-MISC
7226,la,I-PER
7226,ellenva,I-PER
7230,minican,
7230,randezuatemal,I-LOC
7240,id,I-ORG
7244,len,
7253,stra,
7269,malawi,I-LOC
7278,xiink,
7301,ka,I-MISC
7303,greepean,I-MISC
7321,karzais,I-MISC
7333,ata,
7333,na,I-PER
7370,belius,
7370,vilsack,I-PER
7374,middle,I-LOC
7374,east,I-LOC
7386,diahl,
7411,karz,I-MISC
7433,israe,I-ORG
7449,akesullivan,
7452,ullivan,
7457,su,I-ORG
7465,ific,
7476,gis,
7489,rae,
7503,21st,I-MISC
7507,abeabe,
7512,american,I-MISC
7521,akistan,
7526,rgentinarnrgentinargentina,
7535,ottawa,I-LOC
7547,middle,I-LOC
7547,east,I-LOC
7547,netanyahu,I-PER
7548,russians,I-MISC
7549,der,I-ORG
7590,chinese,I-MISC
7592,val,
7593,guardiaiaguardia,
7597,miami,I-LOC
7598,combia,I-LOC
7603,fur,I-LOC
7610,uss,
7610,russian,I-MISC
7616,american,I-MISC
7619,es,
7619,des,I-LOC
7619,plaines,I-LOC
7641,lum,
7652,halikash,
7654,ietnam,
7703,riz,
7737,oreill,I-ORG
7737,chinese,I-MISC
7740,uro,
7740,hum,I-ORG
7744,israeli,I-MISC
7757,lea,
7770,ikileaks,
7785,anyerus,
7789,americanericanerican,I-MISC
7797,ystal,
7817,katantlirn,I-PER
7819,austra,I-LOC
7830,american,I-MISC
7835,hobrook,I-PER
7840,im,
7840,sungese,I-PER
7840,seiji,I-PER
7840,ma,I-PER
7841,bangladesh,I-LOC
7842,cha,
7843,tliteirlea,
7845,rench,
7848,gia,
7850,russianussianeric,I-MISC
7853,kerry,I-PER
7859,uss,
7862,malaysia,I-LOC
7874,raebanian,
7877,ap,
7883,uss,
7886,to,I-ORG
7887,richard,I-PER
7887,hobrook,I-PER
7887,richard,I-PER
7887,hobrookeor,I-PER
7888,copenhagennhagen,I-LOC
7899,uba,
7900,australian,I-MISC
7917,sh,
7920,norgia,I-MISC
7920,norad,I-ORG
7924,ard,
7924,hobrook,I-PER
7937,akistan,
7938,ndrik,
7938,herbrook,I-PER
